subjid,geniq
20281,90.24896925
20282,80.92839971
20283,103.8952606
20290,104.6378406
20291,93.861953
20292,83.54390136
20293,107.1924317
20300,91.63514977
20301,104.737889
20302,97.77784663
20303,88.32398295
20310,103.7174849
20311,85.10797943
20312,62.12424309
20313,102.1050142
20320,104.7889353
20321,97.78497103
20322,115.9236026
20323,97.64833971
20330,99.44547329
20331,118.2199236
20332,98.58669733
20333,104.3146885
20340,112.3435817
20341,70.12356583
20342,109.0906609
20343,111.4880829
20350,67.90313471
20351,73.05605284
20352,112.5035444
20353,125.6549128
20360,118.7320702
20361,124.7026909
20362,125.5536391
20363,116.1348553
20370,102.8655689
20371,97.05694165
20372,94.74883387
20373,112.0766885
20380,95.69959139
20381,105.3092063
20382,79.85293193
20383,102.8456424
20390,121.7420818
20391,94.56279135
20392,102.0144027
20393,76.5218403
20400,90.79131686
20401,75.31914592
20402,97.81961753
20403,87.31236955
20410,96.62320168
20411,39.68850611
20412,92.51540456
20413,93.95796672
20420,95.99797048
20421,75.81382012
20422,88.75395756
20423,105.062134
20430,95.11928044
20431,115.9692846
20432,83.38898206
20433,117.3881581
20440,109.4403474
20441,73.08776539
20442,116.9242591
20443,87.48493884
20450,57.35391016
20451,86.8317223
20452,79.22239836
20453,83.45348797
20460,115.1133376
20461,132.3136751
20462,100.0352787
20463,86.55741582
20470,112.0072999
20471,91.12492852
20472,94.06606251
20473,96.51415302
20480,87.60444877
20481,111.7010272
20482,79.67341108
20483,114.9001463
20490,78.46357665
20491,94.64389357
20492,72.36816359
20493,78.11895307
20500,75.68495991
20501,54.61336905
20502,89.29901921
20503,80.85079704
20510,89.02928162
20511,116.0440249
20512,103.7547582
20513,104.1044893
20520,102.8806659
20521,122.7204327
20522,118.6068028
20523,93.19867498
20530,103.8876571
20531,113.1105876
20532,86.36519905
20533,79.92770667
20540,91.01018502
20541,105.3785082
20542,79.36764142
20543,75.20312834
20550,126.6204113
20551,75.03340139
20552,75.91660771
20553,115.9273708
20560,85.32914738
20561,87.96902727
20562,103.4009779
20563,116.4351051
20570,110.4351051
20571,90.13632504
20572,99.31336475
20573,99.90754338
20580,115.1071019
20581,88.54358843
20582,121.4806993
20583,114.1589961
20590,126.6076654
20591,107.7147503
20592,83.28077936
20593,82.30428382
20600,109.4045996
20601,106.8218504
20602,79.9669433
20603,105.9753547
20610,125.1936168
20611,102.7467151
20612,100.8114583
20613,77.53841478
20620,85.27297107
20621,100.9174494
20622,79.70199921
20623,84.40056785
20630,103.7598824
20631,87.74301324
20632,103.1874403
20633,125.0327013
20640,103.6136759
20641,95.79841255
20642,101.741919
20643,118.5132232
20650,99.8755056
20651,77.80773681
20652,99.04641634
20653,81.10874364
20660,109.5768018
20661,100.8955478
20662,102.5572778
20663,103.2278647
20670,76.47118893
20671,108.6840839
20672,95.82205358
20673,92.20142446
20680,111.0989687
20681,117.4609973
20682,104.3649195
20683,103.4437059
20690,97.33770619
20691,95.30203635
20692,108.515286
20693,79.68088926
20700,92.94802149
20701,88.44381037
20702,109.3679508
20703,114.4318595
20710,79.06314183
20711,102.9043723
20712,73.63349551
20713,94.41349351
20720,118.8987754
20721,87.71980847
20722,80.52756469
20723,107.6121086
20730,104.0570186
20731,74.74177722
20732,88.6619963
20733,95.33144705
20740,75.33144705
20741,86.98885934
20742,114.3603752
20743,106.4398309
20750,112.3927236
20751,126.4398309
20752,92.08368488
20753,124.534298
20760,92.80368488
20761,94.06575274
20762,101.257459
20763,100.1673686
20770,101.257459
20771,94.06575274
20772,89.12620263
20773,92.69040849
20780,95.41144106
20781,105.1480542
20782,88.24330373
20783,60.88295486
20790,130.5690201
20791,119.1702354
20792,110.5690201
20793,90.19556494
20800,93.51436201
20801,93.77284582
20802,78.21462379
20803,80.19556494
20810,88.21462379
20811,116.8535279
20812,117.9421017
20813,93.25126627
20820,105.5257673
20821,89.25126627
20822,116.3023655
20823,104.5152654
20830,123.7905271
20831,104.749676
20832,107.6893607
20833,96.11646802
20840,105.0090455
20841,89.13861541
20842,112.2454862
20843,89.13571115
20850,100.6823214
20851,86.55195674
20852,107.6615699
20853,83.89023185
20860,111.5705611
20861,96.15239611
20862,90.19259268
20863,88.9864775
20870,100.1309989
20871,92.79013761
20872,86.17164122
20873,87.79725322
20880,101.27447
20881,97.5727618
20882,89.41658815
20883,83.94014996
20890,81.65891
20891,92.04503437
20892,104.4078496
20893,108.6155267
20900,94.20315166
20901,102.4727182
20902,103.3704088
20903,95.88498004
20910,84.55920176
20911,109.4565237
20912,93.74342016
20913,91.04625185
20920,98.18396094
20921,93.27250764
20922,101.0221184
20923,107.7072481
20930,105.318269
20931,85.08402506
20932,101.806588
20933,108.5268206
20940,92.27884891
20941,98.85132158
20942,118.371848
20943,83.5593508
20950,90.80510889
20951,87.53478592
20952,92.72767818
20953,106.8750803
20960,114.2159316
20961,107.859096
20962,94.50737999
20963,93.30444546
20970,98.02055461
20971,87.80706583
20972,95.18536255
20973,104.513175
20980,93.01337185
20981,88.37000775
20982,111.7587826
20983,100.2403944
20990,104.4175217
20991,98.55030615
20992,114.1827927
20993,92.11629602
21000,93.69682441
21001,105.4983541
21002,101.8169924
21003,87.82477106
21010,86.52540087
21011,96.5581522
21012,89.0045918
21013,101.0636742
21020,91.0662475
21021,100.6588508
21022,84.56018638
21023,102.8028444
21030,117.8192732
21031,91.20620853
21032,101.7611016
21033,106.5723348
21040,107.361526
21041,82.48079179
21042,95.55101702
21043,87.54920442
21050,90.25900487
21051,96.84711545
21052,94.1260532
21053,106.5309437
21060,79.95420167
21061,103.0177089
21062,81.97051857
21063,104.0224071
21070,94.57506595
21071,90.05065458
21072,88.89819928
21073,90.53504731
21080,101.7445687
21081,98.90704022
21082,88.76579465
21083,95.91524707
21090,90.41391042
21091,95.99977847
21092,97.01032822
21093,89.6050054
21100,105.1954246
21101,98.18359674
21102,91.12131716
21103,98.06707936
21110,97.47483067
21111,88.84619072
21112,98.56108874
21113,90.54289325
21120,100.1068704
21121,104.7282722
21122,88.7825115
21123,107.8028692
21130,98.54959989
21131,92.35097528
21132,90.29515631
21133,103.8953289
21140,99.46699367
21141,116.6470488
21142,111.6591301
21143,102.4513967
21150,88.33195681
21151,107.1861704
21152,101.609737
21153,83.12435864
21160,104.7573655
21161,89.46270761
21162,114.5298444
21163,77.59831212
21170,94.504524
21171,92.60216314
21172,104.8526199
21173,88.11259568
21180,107.0891262
21181,89.3431212
21182,87.9678306
21183,105.9875185
21190,106.0465136
21191,84.30489614
21192,96.8621248
21193,94.30299344
21200,88.41168288
21201,96.19888641
21202,96.17739323
21203,95.45869421
21210,118.0354175
21211,110.1663398
21212,88.27461169
21213,84.44838023
21220,94.25699397
21221,87.95137902
21222,90.37532827
21223,102.4143844
21230,104.6504121
21231,89.35978392
21232,105.8259974
21233,100.8848168
21240,104.3003657
21241,102.9702107
21242,95.46555713
21243,103.254025
21250,94.52056314
21251,96.06211104
21252,100.5434159
21253,98.28562497
21260,92.18634209
21261,98.86469755
21262,97.91607478
21263,97.87060803
21270,91.03099744
21271,94.62468365
21272,89.48937494
21273,92.67925389
21280,111.8418482
21281,92.9793261
21282,108.3468644
21283,85.74025468
21290,93.17053573
21291,108.616666
21292,90.47840194
21293,86.949317
21300,102.46161
21301,87.90368159
21302,109.4064093
21303,93.25458092
21310,104.1734896
21311,88.16622727
21312,85.03788242
21313,95.60686635
21320,102.5600243
21321,91.63624356
21322,95.82790218
21323,101.929456
21330,102.5176206
21331,103.9946817
21332,93.71753947
21333,89.64662523
21340,94.08693312
21341,92.40057047
21342,95.09256321
21343,98.67513366
21350,90.57547722
21351,108.5296057
21352,109.6256247
21353,79.88048294
21360,93.16054044
21361,85.53992006
21362,89.36918967
21363,105.0045765
21370,94.24957197
21371,95.11092189
21372,79.56026773
21373,99.32947439
21380,101.333623
21381,85.89087258
21382,109.423893
21383,109.260453
21390,95.38975338
21391,105.0248683
21392,108.5745525
21393,88.49162978
21400,106.2177994
21401,104.359576
21402,104.7600639
21403,91.68969166
21410,85.68794076
21411,104.849655
21412,101.4871726
21413,89.63944385
21420,93.23626265
21421,87.87607615
21422,99.671556
21423,104.4623465
21430,110.3606717
21431,104.9046569
21432,111.8014194
21433,111.1143907
21440,116.7781264
21441,104.7688581
21442,92.23249439
21443,96.90246013
21450,103.0675137
21451,112.6785324
21452,103.5798743
21453,85.34478236
21460,85.06197546
21461,98.1873456
21462,101.7392552
21463,101.0511663
21470,93.80904521
21471,92.28498523
21472,99.62308018
21473,91.08557287
21480,107.6302624
21481,100.0143162
21482,94.87520365
21483,96.02522096
21490,104.8286837
21491,99.3394848
21492,94.54174286
21493,92.69425002
21500,92.17144861
21501,92.45038089
21502,91.63147613
21503,104.9230216
21510,88.92296677
21511,100.7498112
21512,97.23662746
21513,95.72727474
21520,117.1467421
21521,86.98969106
21522,84.04260024
21523,108.8908175
21530,109.1905989
21531,88.21414224
21532,108.0439968
21533,91.2710051
21540,96.42291581
21541,112.0931355
21542,104.8313426
21543,113.4056543
21550,86.32938551
21551,97.87251095
21552,94.5742386
21553,86.53893449
21560,90.98766508
21561,100.0213149
21562,89.8013757
21563,85.06893745
21570,92.06243175
21571,114.6414252
21572,107.2612105
21573,117.9770405
21580,99.10195866
21581,99.58410327
21582,82.90634627
21583,88.10787782
21590,95.01208855
21591,82.80811396
21592,98.4583054
21593,99.81997722
21600,93.54857062
21601,86.00070705
21602,82.73527554
21603,85.71592582
21610,91.26321719
21611,100.9836566
21612,94.04030391
21613,85.45953483
21620,106.9070756
21621,91.28654073
21622,87.32721123
21623,94.92490359
21630,88.19706838
21631,98.61672669
21632,117.6181012
21633,98.35904969
21640,114.526357
21641,87.24971403
21642,97.63744812
21643,104.2409448
21650,88.63696072
21651,87.11470296
21652,102.7020616
21653,89.16288109
21660,91.4175015
21661,99.41025216
21662,103.0578331
21663,103.8021153
21670,103.5290173
21671,93.2719173
21672,89.99022786
21673,96.64672736
21680,81.26714249
21681,113.6587809
21682,93.80467462
21683,90.57251494
21690,93.46469137
21691,106.479627
21692,105.6751324
21693,102.7379339
21700,89.46532386
21701,98.74200459
21702,92.37579407
21703,98.0703693
21710,98.45754006
21711,89.86720541
21712,84.11572777
21713,85.18288676
21720,98.43108244
21721,97.42442816
21722,93.10226
21723,100.4747088
21730,87.76079521
21731,89.06819129
21732,118.2917555
21733,93.3767772
21740,96.1287727
21741,85.68694993
21742,97.22993872
21743,98.31994164
21750,82.94745657
21751,89.9406295
21752,90.67159082
21753,112.6001311
21760,92.03982383
21761,86.25745374
21762,81.61709418
21763,87.48942045
21770,85.84450402
21771,84.52507156
21772,81.52890139
21773,92.06150653
21780,93.64907124
21781,85.27325917
21782,85.68463612
21783,94.53804982
21790,100.7261499
21791,94.68405624
21792,110.3178687
21793,107.7014847
21800,88.63711562
21801,86.28680696
21802,90.69068841
21803,100.8187188
21810,92.93891592
21811,115.4429887
21812,87.97750892
21813,77.77071345
21820,93.02089698
21821,115.555379
21822,95.29499576
21823,101.2337134
21830,107.6524434
21831,91.42908922
21832,111.1258072
21833,95.77331971
21840,86.76206678
21841,102.2984978
21842,98.30674984
21843,97.94982059
21850,88.16264658
21851,116.0431072
21852,96.56408292
21853,99.55339969
21860,97.90618595
21861,100.8267869
21862,90.85063655
21863,108.5927883
21870,89.0667016
21871,98.55540955
21872,86.22273864
21873,103.7103489
21880,86.03458647
21881,106.6041405
21882,81.87672454
21883,85.51739476
21890,88.08511405
21891,96.10147379
21892,90.44659042
21893,95.06742574
21900,91.34071264
21901,91.29045266
21902,86.24577826
21903,86.9998232
21910,96.05156788
21911,99.26978395
21912,116.0724182
21913,118.60041
21920,87.31454331
21921,87.69975899
21922,89.56981584
21923,94.04687456
21930,100.6271694
21931,92.7244608
21932,92.30355988
21933,106.3246458
21940,107.2138868
21941,95.0863756
21942,89.6379457
21943,98.33006149
21950,100.5121475
21951,110.7335852
21952,102.6942147
21953,98.82710635
21960,100.8146549
21961,90.43261441
21962,103.42779
21963,105.8789306
21970,89.54520282
21971,98.33153052
21972,89.75286877
21973,95.06130951
21980,116.3281083
21981,97.67383795
21982,92.3166201
21983,93.70110134
21990,91.91380887
21991,119.2892108
21992,92.98982115
21993,105.5340377
22000,101.2663172
22001,109.2943473
22002,90.87738653
22003,95.95860901
22010,86.27293094
22011,97.60628503
22012,116.0980723
22013,107.2867221
22020,95.64443835
22021,92.3298972
22022,105.7606694
22023,95.15196403
22030,90.893166
22031,89.72714513
22032,84.47486785
22033,93.43852935
22040,94.13992577
22041,86.38109861
22042,105.6104576
22043,80.14661011
22050,90.99086172
22051,93.5568405
22052,79.60820134
22053,94.63656528
22060,89.49325317
22061,81.0160274
22062,88.8826921
22063,86.28300914
22070,111.1411319
22071,98.90365395
22072,103.0341053
22073,106.7291033
22080,97.45572813
22081,91.32451143
22082,88.83086368
22083,94.59961431
22090,93.11477143
22091,99.95665406
22092,104.0116509
22093,93.93494726
22100,104.1473084
22101,104.5361743
22102,90.20735378
22103,86.713231
22110,87.31417194
22111,90.15912318
22112,89.19909648
22113,97.53551335
22120,85.93854553
22121,118.9380902
22122,88.26784531
22123,101.2610763
22130,105.4913392
22131,94.42256829
22132,93.02376342
22133,90.19211495
22140,84.57408489
22141,107.4488189
22142,96.97831381
22143,91.12012512
22150,90.49235935
22151,83.78043571
22152,88.15252421
22153,100.5669411
22160,96.1726204
22161,89.4724231
22162,104.1913295
22163,93.09266711
22170,109.09361
22171,95.5449493
22172,83.78118459
22173,92.28531693
22180,104.7513866
22181,116.6420887
22182,95.68577896
22183,94.92423632
22190,101.7463572
22191,86.92322365
22192,92.27565312
22193,92.53741011
22200,93.56981425
22201,106.9386555
22202,82.06486453
22203,95.63830826
22210,110.3860316
22211,93.26006056
22212,82.96061952
22213,95.79956906
22220,98.30745432
22221,104.5817236
22222,97.51650653
22223,92.18186963
22230,91.86424654
22231,92.67999522
22232,84.60124211
22233,112.53281
22240,113.3605057
22241,104.1274479
22242,106.1223304
22243,99.05461022
22250,92.38191334
22251,94.25800626
22252,94.39846565
22253,90.62223252
22260,113.9239375
22261,108.8398505
22262,91.01716966
22263,114.5555885
22270,98.17651985
22271,105.8164795
22272,92.10174617
22273,93.99549464
22280,100.8358166
22281,108.0246693
22282,92.78511799
22283,84.72844602
22290,98.52758676
22291,90.2229984
22292,80.9962674
22293,95.72825943
22300,100.6748864
22301,104.8360621
22302,92.90350631
22303,102.0290191
22310,118.6397456
22311,93.43592564
22312,97.61629148
22313,102.2527802
22320,92.42791236
22321,95.14606713
22322,99.8260021
22323,103.0272299
22330,110.8476813
22331,99.7547764
22332,103.9690316
22333,89.65920911
22340,103.3686469
22341,105.811159
22342,106.0292517
22343,99.5759148
22350,100.2391872
22351,103.4186326
22352,93.72695687
22353,81.573154
22360,89.29301424
22361,118.4110001
22362,107.9024652
22363,109.4529125
22370,93.24932329
22371,97.22538405
22372,109.2765708
22373,99.00024078
22380,85.81811951
22381,85.43556642
22382,85.71540036
22383,111.2170684
22390,99.73964728
22391,88.30192583
22392,88.44741368
22393,114.7364832
22400,101.3726227
22401,91.26294668
22402,87.64800717
22403,113.7861226
22410,83.5337292
22411,105.0049183
22412,87.59813278
22413,103.3549576
22420,108.0220581
22421,82.65960807
22422,96.54339709
22423,97.6638017
22430,108.4038776
22431,116.4821091
22432,112.9888556
22433,98.26434872
22440,89.10894189
22441,96.36918949
22442,87.46434212
22443,109.7039312
22450,92.10990587
22451,97.45698681
22452,107.4145204
22453,84.52407808
22460,116.0235354
22461,95.81192076
22462,100.36799
22463,97.14955446
22470,121.1780078
22471,90.69430963
22472,96.45191136
22473,95.24930897
22480,98.91061816
22481,102.6878852
22482,90.69419164
22483,93.86321861
22490,115.6776134
22491,95.5913995
22492,99.60904599
22493,88.67442407
22500,104.4599522
22501,87.00608033
22502,99.66722259
22503,81.00014893
22510,90.9892033
22511,107.4101744
22512,88.96571952
22513,87.33853902
22520,99.01725267
22521,83.46132717
22522,109.6683326
22523,99.39961818
22530,94.72871525
22531,102.781793
22532,99.53220531
22533,89.72515403
22540,102.1139959
22541,109.4688033
22542,91.58861248
22543,107.9933238
22550,90.53058562
22551,85.85188151
22552,106.2441399
22553,95.85266215
22560,101.579264
22561,83.42772403
22562,93.07874233
22563,91.45548681
22570,103.8232064
22571,94.50331418
22572,105.0748353
22573,110.087985
22580,92.92647186
22581,98.39770495
22582,118.6331609
22583,96.88553376
22590,87.06237351
22591,87.89264849
22592,100.2035279
22593,83.72840433
22600,87.3138551
22601,94.43814938
22602,89.70871728
22603,103.3234379
22610,96.58687639
22611,118.8571815
22612,90.56489527
22613,94.11313344
22620,118.6901912
22621,92.4549784
22622,93.28945702
22623,101.8643409
22630,90.44013571
22631,117.6058951
22632,91.84439319
22633,98.61450266
22640,87.39531422
22641,89.26281554
22642,84.53812343
22643,88.59047678
22650,110.1505492
22651,106.9762002
22652,113.1695459
22653,90.94141207
22660,91.17135304
22661,105.5753088
22662,96.79357938
22663,94.1074673
22670,107.7838808
22671,102.7506603
22672,81.58695316
22673,93.42803922
22680,86.8123687
22681,111.630647
22682,90.18377703
22683,86.99266333
22690,98.91753187
22691,93.72455955
22692,88.74903224
22693,84.18030997
22700,104.1394453
22701,87.32494127
22702,104.3420946
22703,88.95665038
22710,94.63765437
22711,85.54673527
22712,98.94406054
22713,117.8569275
22720,104.1164583
22721,91.77574717
22722,99.62298609
22723,87.7307932
22730,94.61207404
22731,85.73104921
22732,93.7517917
22733,104.4398214
22740,100.5708315
22741,103.9732412
22742,86.2075401
22743,90.60107329
22750,110.8476631
22751,93.61136439
22752,106.197701
22753,84.63810959
22760,110.4471648
22761,100.8694757
22762,108.3282781
22763,85.15710622
22770,99.63514345
22771,110.8245742
22772,92.49535133
22773,88.92308027
22780,112.5861742
22781,105.3747271
22782,86.62126073
22783,100.5550458
22790,109.7110962
22791,88.39097107
22792,88.4022369
22793,105.1912539
22800,118.4946674
22801,113.9638312
22802,97.30896276
22803,103.0432972
22810,83.63668857
22811,107.1836264
22812,100.3695112
22813,103.4597775
22820,103.0605111
22821,92.1941618
22822,106.9706463
22823,88.5260676
22830,89.11624276
22831,94.86857859
22832,99.59617287
22833,97.55372755
22840,88.54478815
22841,101.8505683
22842,107.9682496
22843,96.62312303
22850,106.7119108
22851,96.81602898
22852,105.5157266
22853,95.29705647
22860,106.8447579
22861,89.27793367
22862,81.51515982
22863,97.88247659
22870,95.24321378
22871,108.3996987
22872,95.54699706
22873,97.0127552
22880,109.75093
22881,89.7926934
22882,97.69758354
22883,103.8039486
22890,89.42139393
22891,83.69283745
22892,93.95491736
22893,100.0792513
22900,96.39142221
22901,94.77389082
22902,87.02584793
22903,100.1399778
22910,101.2596744
22911,86.9997073
22912,87.5022341
22913,103.9746996
22920,91.85029287
22921,92.6272543
22922,117.1805972
22923,101.6101741
22930,119.8972421
22931,101.5669165
22932,89.5540312
22933,108.9250225
22940,100.9116712
22941,102.9167648
22942,88.6770509
22943,92.48859204
22950,91.97858562
22951,98.71782961
22952,86.69181602
22953,81.97303528
22960,114.3267305
22961,91.48897986
22962,116.3735873
22963,93.59917745
22970,95.99475654
22971,94.3260923
22972,108.8448471
22973,91.64280148
22980,92.04036485
22981,97.11301932
22982,88.57152577
22983,93.21383115
22990,96.30939791
22991,110.0205883
22992,95.63946184
22993,97.59731512
23000,86.77145976
23001,96.54554712
23002,93.45947656
23003,85.00912117
23010,98.06518021
23011,88.41767109
23012,100.9495796
23013,89.83256011
23020,91.64591185
23021,89.26148752
23022,101.3250935
23023,88.85013083
23030,100.5629877
23031,87.79335544
23032,93.74249284
23033,89.89073388
23040,84.62234287
23041,101.5754162
23042,87.05143955
23043,91.2418623
23050,81.22799231
23051,76.5681306
23052,87.56360365
23053,105.1360485
23060,90.98430921
23061,101.4326627
23062,87.20117788
23063,81.75084706
23070,99.47828171
23071,103.8446465
23072,91.14389913
23073,105.2380879
23080,100.4709097
23081,88.59084613
23082,92.07750166
23083,93.01816662
23090,97.85177732
23091,102.9769092
23092,87.84810219
23093,91.49932311
23100,104.3752029
23101,93.94977095
23102,89.93451606
23103,96.34021054
23110,103.5701183
23111,105.145491
23112,87.78713999
23113,89.7516208
23120,99.82471254
23121,92.51572994
23122,83.57605496
23123,86.43001617
23130,88.19749658
23131,100.9239493
23132,106.5093784
23133,91.31501857
23140,95.47233004
23141,96.83448163
23142,88.42098493
23143,99.7843619
23150,105.7814196
23151,71.65174387
23152,97.26027961
23153,98.96555147
23160,109.5004965
23161,108.5871945
23162,90.49862465
23163,108.0822889
23170,88.04549092
23171,105.6679644
23172,98.67431823
23173,86.97225283
23180,102.0279877
23181,91.57303198
23182,102.9986422
23183,97.51726114
23190,89.33031931
23191,90.60001828
23192,100.9788342
23193,118.6060304
23200,86.96604128
23201,85.36666411
23202,100.6550309
23203,102.9479168
23210,102.4520639
23211,79.25973356
23212,100.5785706
23213,87.10023712
23220,92.9630916
23221,86.72124925
23222,98.51296264
23223,87.65711514
23230,102.9685187
23231,98.33808312
23232,113.7412911
23233,80.51483066
23240,99.50051808
23241,109.2187683
23242,86.24570981
23243,91.87747999
23250,89.91287623
23251,89.76082491
23252,93.08282027
23253,91.61323619
23260,99.01016776
23261,92.20436029
23262,109.2198802
23263,99.86244567
23270,105.0039119
23271,91.06853645
23272,110.8684544
23273,112.4217805
23280,120.1179341
23281,117.5255433
23282,99.13539656
23283,103.1629445
23290,101.7388599
23291,99.59933992
23292,87.66675945
23293,107.2432351
23300,90.61069199
23301,83.86221414
23302,105.8737818
23303,91.18185983
23310,96.00939892
23311,108.2610556
23312,102.518493
23313,93.60624282
23320,96.30824626
23321,89.08915602
23322,87.10584109
23323,100.9705639
23330,89.34662344
23331,93.12084539
23332,97.74802027
23333,91.95026279
23340,86.29389347
23341,88.40299743
23342,93.9467899
23343,109.6872795
23350,90.7776322
23351,94.18271291
23352,97.41104309
23353,104.7695152
23360,99.91406243
23361,88.57512798
23362,99.48005287
23363,99.30621691
23370,96.75441414
23371,86.86141436
23372,92.73127331
23373,87.66580815
23380,82.72679961
23381,92.62303728
23382,114.135578
23383,95.01903565
23390,87.83306847
23391,89.14151874
23392,111.1918732
23393,92.38018065
23400,101.5730081
23401,109.1558088
23402,93.07521
23403,94.22735467
23410,84.97228856
23411,93.8031992
23412,104.4511776
23413,102.2993762
23420,89.9018107
23421,87.96344521
23422,91.51755686
23423,96.36291931
23430,88.97924333
23431,93.26269859
23432,97.04735298
23433,84.40336683
23440,76.47962567
23441,99.88700894
23442,105.8287561
23443,84.38666672
23450,88.95156001
23451,92.11882359
23452,97.69834538
23453,92.44652705
23460,94.06087122
23461,98.16432486
23462,93.38287441
23463,105.3308172
23470,88.10771493
23471,100.725412
23472,98.77791648
23473,98.35060713
23480,91.52048866
23481,90.22187634
23482,89.93829507
23483,87.91485781
23490,95.05467487
23491,91.01282721
23492,89.9043228
23493,102.3237106
23500,91.74536439
23501,82.79896783
23502,89.39326474
23503,85.97168225
23510,96.37946312
23511,94.6971843
23512,88.8874262
23513,98.79831307
23520,112.0341529
23521,108.2291755
23522,102.3904519
23523,105.7422304
23530,88.24697067
23531,92.4850526
23532,102.933391
23533,90.72416303
23540,111.0106435
23541,107.3149267
23542,92.76902544
23543,96.34257318
23550,87.95459082
23551,111.7588099
23552,91.14362136
23553,83.01803914
23560,96.21044177
23561,88.53676022
23562,102.5902377
23563,82.55528329
23570,91.62286562
23571,84.62453507
23572,80.69023992
23573,103.4852769
23580,105.6860514
23581,92.14949212
23582,109.2482223
23583,105.7777084
23590,100.0181133
23591,85.82460536
23592,90.48504679
23593,98.58247923
23600,111.7651448
23601,102.3480342
23602,111.5454474
23603,84.39026927
23610,93.82694737
23611,115.1266963
23612,105.5081839
23613,94.60567729
23620,84.35873371
23621,94.77819077
23622,104.6337401
23623,87.40589568
23630,104.2299411
23631,107.682962
23632,112.7737676
23633,103.5584104
23640,96.13208525
23641,83.6457872
23642,93.97403455
23643,83.41753685
23650,92.29946425
23651,94.71943787
23652,111.0005866
23653,92.34327525
23660,105.1179816
23661,91.61157849
23662,93.85046246
23663,106.1691133
23670,93.67328959
23671,101.5516155
23672,93.63111917
23673,88.30193641
23680,93.28664572
23681,82.30885812
23682,93.59785363
23683,108.1876874
23690,91.0808599
23691,99.53526658
23692,105.6490641
23693,96.57232912
23700,114.882304
23701,93.30122918
23702,112.6267261
23703,86.56320078
23710,101.9872537
23711,91.29107943
23712,88.82097556
23713,97.53422282
23720,102.408909
23721,88.00650179
23722,88.41372403
23723,101.5898515
23730,105.3861026
23731,103.7453655
23732,106.3895784
23733,83.38252199
23740,87.74453543
23741,87.65968899
23742,108.3747925
23743,114.6079474
23750,96.47276065
23751,113.6149813
23752,102.2679904
23753,89.52456641
23760,89.84466198
23761,84.35501032
23762,91.62984121
23763,86.56620771
23770,77.38999936
23771,92.32382413
23772,109.0038863
23773,105.7841247
23780,91.47414153
23781,102.1411597
23782,87.30469424
23783,94.56997426
23790,91.34045315
23791,107.8141615
23792,87.22507394
23793,102.3095951
23800,92.96913353
23801,102.3239372
23802,93.08349077
23803,93.61566869
23810,110.0051781
23811,111.9171075
23812,97.33535038
23813,94.4541751
23820,104.2538999
23821,101.9410275
23822,94.62697099
23823,101.8121615
23830,116.1014707
23831,106.5855184
23832,92.40753694
23833,91.64380949
23840,109.4309981
23841,104.9073925
23842,104.850628
23843,91.70302927
23850,96.84383813
23851,86.86199007
23852,98.62848733
23853,80.86297686
23860,103.5828206
23861,93.34166414
23862,113.405457
23863,88.21211041
23870,98.34009678
23871,104.5252031
23872,103.1567646
23873,88.12760512
23880,96.62835128
23881,115.5003694
23882,101.2997235
23883,103.8229538
23890,100.6583733
23891,102.5747079
23892,86.40189677
23893,94.55412589
23900,84.33101831
23901,91.85378056
23902,100.2183935
23903,83.35258432
23910,92.73707413
23911,94.01939468
23912,84.09785736
23913,95.440923
23920,96.75044102
23921,87.11748801
23922,103.8517002
23923,88.91577922
23930,116.1628088
23931,94.98750933
23932,88.05713053
23933,100.7631068
23940,92.6607818
23941,109.4150049
23942,102.8684071
23943,89.24727802
23950,89.89350455
23951,88.75361262
23952,91.57524807
23953,94.51714398
23960,94.21984729
23961,106.7244839
23962,109.9733939
23963,99.24653455
23970,90.02067561
23971,100.0429595
23972,101.9701939
23973,107.6421133
23980,112.9039196
23981,108.2081326
23982,93.23339637
23983,89.60796149
23990,92.19103814
23991,87.44673792
23992,106.7621683
23993,102.7504658
24000,94.61963071
24001,108.7388587
24002,98.27893228
24003,95.20971554
24010,86.50714423
24011,93.73255183
24012,101.424613
24013,93.35816596
24020,95.75127057
24021,97.29888502
24022,95.58376273
24023,93.03319206
24030,93.56284541
24031,90.73463122
24032,105.6300059
24033,105.343889
24040,87.69761146
24041,93.5346105
24042,96.92805364
24043,92.87471506
24050,88.78307704
24051,79.31064492
24052,85.99701663
24053,87.0967147
24060,96.07793595
24061,104.6314954
24062,96.91862538
24063,112.0893321
24070,105.3932906
24071,87.20033365
24072,106.8383898
24073,106.5214595
24080,102.2005077
24081,85.80841025
24082,107.6721387
24083,103.4736458
24090,100.2261831
24091,89.86099913
24092,100.5091709
24093,98.68326835
24100,93.40307609
24101,90.45702379
24102,114.0593501
24103,97.4647652
24110,85.10048475
24111,102.4046791
24112,95.23376468
24113,90.79848567
24120,110.1485948
24121,95.31932367
24122,92.46074891
24123,90.17720264
24130,83.56906376
24131,92.48035769
24132,97.63411094
24133,99.7980592
24140,89.70511354
24141,88.10280143
24142,80.63759667
24143,98.16365998
24150,101.3688143
24151,93.41037352
24152,102.3413608
24153,87.25112732
24160,87.45679961
24161,87.46217286
24162,92.29338106
24163,98.88339982
24170,86.09666925
24171,120.7427718
24172,90.38324117
24173,103.1098243
24180,90.09368909
24181,92.04499752
24182,94.31614219
24183,112.7299297
24190,84.77612099
24191,100.2468485
24192,93.26515532
24193,94.9527381
24200,93.44313022
24201,91.60723527
24202,95.52444365
24203,94.61298892
24210,93.40459932
24211,92.97882303
24212,95.19257318
24213,90.5075135
24220,85.75246039
24221,104.2601224
24222,98.74097597
24223,86.30197056
24230,89.43450076
24231,107.0087494
24232,90.80151987
24233,82.53153472
24240,99.2156809
24241,108.6661504
24242,103.9286238
24243,111.2538057
24250,99.91306195
24251,104.0436287
24252,93.12329967
24253,93.3600595
24260,96.08635402
24261,102.0473258
24262,92.94822946
24263,84.89963227
24270,90.45738945
24271,96.8601737
24272,104.1123334
24273,120.7138438
24280,106.2089718
24281,89.46261078
24282,97.47284593
24283,89.18340038
24290,87.15938694
24291,87.26082867
24292,99.24301884
24293,100.2228956
24300,111.5663832
24301,104.2818865
24302,87.5531939
24303,107.3024742
24310,116.1951565
24311,89.73137295
24312,96.4626741
24313,105.9038611
24320,85.99988047
24321,101.8941749
24322,79.24100599
24323,110.2551566
24330,84.52020444
24331,103.2802276
24332,89.68541967
24333,97.18505877
24340,96.77174605
24341,104.0875662
24342,101.2790805
24343,102.5949816
24350,94.48853268
24351,86.41906587
24352,101.5105037
24353,99.0760653
24360,88.0693883
24361,101.8219655
24362,88.83694059
24363,100.0917354
24370,97.58021108
24371,94.42353212
24372,94.39073415
24373,88.18730406
24380,84.59130286
24381,96.09712018
24382,90.77886795
24383,92.0613369
24390,86.52510446
24391,101.0485072
24392,102.0684021
24393,95.09075136
24400,96.2527364
24401,102.8642877
24402,88.73756611
24403,86.86239631
24410,105.9676955
24411,87.87106876
24412,85.37473203
24413,85.11376634
24420,95.18432953
24421,89.6203571
24422,102.2363097
24423,105.756115
24430,95.41829512
24431,89.51204706
24432,89.39648175
24433,109.3831415
24440,90.6581858
24441,92.26639324
24442,116.8625265
24443,89.973249
24450,93.46423641
24451,97.74655882
24452,90.83500963
24453,92.52339121
24460,98.10830737
24461,103.3997548
24462,107.3031137
24463,107.2184527
24470,103.069658
24471,89.34648917
24472,88.54674444
24473,99.91866559
24480,99.34416918
24481,92.74837472
24482,86.7936546
24483,84.88761656
24490,86.60629666
24491,95.79856317
24492,90.75630049
24493,94.93906612
24500,95.14361169
24501,83.80249265
24502,115.8506664
24503,92.92540426
24510,96.23027808
24511,86.53902581
24512,82.52477758
24513,91.6055114
24520,103.234559
24521,95.59911626
24522,100.9538876
24523,100.2102066
24530,79.82456771
24531,102.6669551
24532,87.13998405
24533,91.52716192
24540,93.89174646
24541,100.3558655
24542,88.36986052
24543,107.502704
24550,99.05019908
24551,98.7030085
24552,101.6869723
24553,107.6022631
24560,81.17920512
24561,97.30446894
24562,118.8489961
24563,107.3143311
24570,91.64262019
24571,108.1311279
24572,97.25316069
24573,116.3283622
24580,123.1256677
24581,88.7654918
24582,108.8828973
24583,97.57529294
24590,91.8168007
24591,101.8253194
24592,89.39055354
24593,104.2180459
24600,100.8787334
24601,84.89546218
24602,104.1330549
24603,81.3232589
24610,83.43262296
24611,84.25389404
24612,117.0171204
24613,102.7225675
24620,97.17303963
24621,92.35335578
24622,95.03253242
24623,98.91237786
24630,91.94028669
24631,85.00790888
24632,98.68713493
24633,86.45255933
24640,95.98421878
24641,93.78141149
24642,100.997016
24643,89.49315136
24650,92.01206349
24651,93.61814047
24652,87.13124783
24653,90.70098619
24660,98.21105952
24661,94.87587328
24662,114.9670829
24663,108.2052236
24670,93.50747887
24671,98.15102858
24672,91.33841692
24673,109.5761301
24680,86.3844367
24681,112.8297324
24682,100.7282927
24683,90.46899245
24690,85.0322013
24691,80.57228312
24692,94.31474417
24693,89.51465727
24700,108.7142886
24701,106.2540422
24702,94.31629074
24703,81.26109059
24710,116.5630448
24711,106.8909478
24712,97.32417993
24713,84.4338731
24720,100.037622
24721,110.0528298
24722,92.98310175
24723,104.6978235
24730,86.56481324
24731,99.58314666
24732,95.30467143
24733,95.3808634
24740,96.12321794
24741,91.91082222
24742,90.61417592
24743,112.1900627
24750,82.10699967
24751,102.7277642
24752,87.11497327
24753,101.8013309
24760,100.4438525
24761,94.49013579
24762,99.02831092
24763,100.5979202
24770,88.03698026
24771,93.62345342
24772,86.45390372
24773,97.89283056
24780,95.3255424
24781,103.914691
24782,98.52407719
24783,100.7994979
24790,103.1390764
24791,85.38419872
24792,89.32619077
24793,100.6224313
24800,90.07138856
24801,101.0240773
24802,103.9260788
24803,90.67923034
24810,95.0001135
24811,93.74409943
24812,93.61318877
24813,101.1546067
24820,87.77591745
24821,98.78260902
24822,88.78141033
24823,95.04713401
24830,93.66324705
24831,101.3042106
24832,90.41384873
24833,89.41323524
24840,87.08292823
24841,100.9691354
24842,87.44263066
24843,108.68547
24850,85.64112032
24851,96.04438987
24852,116.3332762
24853,92.48661537
24860,106.9066168
24861,109.2732263
24862,91.12463712
24863,91.4513372
24870,95.16421828
24871,87.60693575
24872,103.7429821
24873,110.6011267
24880,90.5074388
24881,106.2444426
24882,99.73693314
24883,111.3127104
24890,100.1038763
24891,89.106005
24892,112.2682443
24893,94.81733545
24900,104.5523277
24901,104.2914584
24902,106.5881466
24903,112.4096957
24910,115.7799239
24911,100.573372
24912,84.54594015
24913,96.238376
24920,89.0095792
24921,98.13557648
24922,91.2007708
24923,88.11102318
24930,102.0091896
24931,116.0166863
24932,103.7710781
24933,99.91907978
24940,100.1992469
24941,97.52054499
24942,100.3545579
24943,104.6294602
24950,117.3186519
24951,111.932088
24952,115.4596024
24953,108.2500285
24960,81.51734606
24961,98.83896456
24962,92.44345845
24963,114.9383294
24970,101.0875742
24971,94.49979975
24972,100.0334294
24973,93.46705037
24980,85.05854046
24981,87.80483439
24982,98.16859395
24983,87.37942056
24990,92.34036339
24991,97.7422941
24992,84.64961223
24993,95.27060513
25000,88.66433232
25001,104.0538735
25002,115.214756
25003,108.2755499
25010,113.064604
25011,93.32408889
25012,100.1325934
25013,101.1339171
25020,89.60871478
25021,96.20080377
25022,85.62060667
25023,115.8966682
25030,93.2356003
25031,93.51440329
25032,103.412437
25033,89.01232871
25040,97.52871688
25041,114.5488363
25042,95.09536296
25043,96.09812211
25050,96.26170457
25051,100.8882361
25052,91.10943086
25053,90.1653191
25060,104.9390715
25061,98.71908311
25062,101.5640125
25063,98.7738059
25070,107.9885461
25071,89.22755352
25072,99.55380559
25073,103.5265451
25080,93.81893258
25081,99.45166706
25082,82.00942282
25083,89.98592851
25090,104.7398352
25091,94.14860152
25092,96.27695301
25093,99.53233848
25100,93.90209427
25101,93.87314261
25102,95.44507768
25103,99.70249723
25110,108.1089834
25111,103.7548524
25112,92.79780747
25113,103.4920047
25120,93.76689598
25121,100.9111207
25122,94.52135391
25123,85.51610835
25130,102.6978367
25131,93.05755813
25132,103.6253298
25133,85.50115724
25140,92.93670729
25141,88.48525182
25142,91.45463494
25143,90.15661885
25150,117.3217414
25151,91.37957224
25152,97.0678536
25153,92.49675007
25160,97.4673522
25161,100.3137735
25162,87.70180654
25163,91.2133098
25170,88.92002522
25171,100.2538122
25172,88.90367501
25173,94.09731838
25180,98.4896137
25181,112.5045952
25182,93.86886019
25183,98.8562507
25190,112.1315191
25191,102.7154921
25192,96.00231348
25193,102.2535777
25200,95.16646784
25201,94.31194492
25202,90.09155377
25203,87.23664819
25210,84.99989564
25211,82.61967574
25212,92.87664339
25213,100.8132814
25220,101.2871438
25221,100.5440259
25222,92.61070432
25223,83.0081326
25230,102.9480011
25231,100.7788724
25232,102.7093244
25233,96.69418258
25240,100.4894093
25241,89.20453733
25242,94.83482537
25243,97.31276069
25250,113.5640271
25251,101.9215161
25252,95.77898211
25253,99.96718164
25260,99.47362204
25261,107.5779207
25262,107.0200141
25263,86.63277368
25270,100.1043507
25271,87.92008847
25272,106.8524309
25273,87.00843035
25280,92.4585037
25281,91.13567901
25282,94.35771726
25283,96.04015593
25290,104.6597459
25291,84.41454102
25292,85.27168556
25293,92.35787496
25300,103.7143378
25301,94.32146507
25302,97.43779344
25303,100.3200355
25310,104.9625172
25311,106.6469192
25312,110.4371208
25313,89.87446638
25320,107.9512405
25321,96.25651155
25322,89.04687845
25323,101.320885
25330,89.61545314
25331,117.8585165
25332,81.65400003
25333,106.8211024
25340,104.0939256
25341,88.87356871
25342,105.3852846
25343,94.80594175
25350,90.60619828
25351,91.98478678
25352,101.5594479
25353,101.4587413
25360,94.9870113
25361,83.9779665
25362,104.8756204
25363,105.3758677
25370,106.0125712
25371,94.68718682
25372,109.3346296
25373,88.46324944
25380,94.59182259
25381,100.4258535
25382,88.58362096
25383,104.3146908
25390,104.1087661
25391,110.9442924
25392,91.33482986
25393,81.99145411
25400,99.32304568
25401,100.7113454
25402,80.93775257
25403,112.4225706
25410,85.78967182
25411,92.9443755
25412,97.42911719
25413,114.2412124
25420,87.25654085
25421,92.44411431
25422,90.5165648
25423,99.04681753
25430,89.38733688
25431,90.63887713
25432,95.70427805
25433,84.27410069
25440,99.21163793
25441,109.3671866
25442,105.7219005
25443,116.72761
25450,108.289902
25451,88.40551538
25452,85.34843115
25453,106.571299
25460,112.3869428
25461,92.43450844
25462,97.48772945
25463,86.74012065
25470,94.40710354
25471,90.38368583
25472,103.0597748
25473,102.9290985
25480,87.29023193
25481,89.25757371
25482,103.6146093
25483,86.57780437
25490,103.3692036
25491,81.99502324
25492,114.7986259
25493,97.0154155
25500,101.5212394
25501,101.705715
25502,97.92339315
25503,102.5378305
25510,95.21583744
25511,96.33576149
25512,98.70337621
25513,105.5416615
25520,100.7615118
25521,95.22850393
25522,117.9620065
25523,101.6026085
25530,102.9575605
25531,90.8651693
25532,98.90660409
25533,100.6983216
25540,97.89883126
25541,108.5734927
25542,103.832168
25543,90.51048728
25550,99.76472201
25551,97.81848386
25552,86.29609045
25553,93.79424593
25560,90.66280272
25561,101.1123843
25562,95.79646478
25563,111.0854178
25570,95.65522812
25571,92.23314471
25572,103.4749526
25573,89.72473257
25580,100.7603808
25581,107.8443458
25582,94.43485579
25583,87.82337662
25590,85.10295661
25591,85.77358024
25592,107.8884982
25593,106.010639
25600,88.84447746
25601,88.1677048
25602,104.6592782
25603,100.159945
25610,97.41906455
25611,91.15994852
25612,87.22444562
25613,90.65672675
25620,103.302686
25621,105.2602907
25622,96.9621335
25623,93.19943807
25630,79.87893303
25631,112.6894891
25632,86.6807934
25633,76.85684178
25640,97.12942614
25641,102.0612057
25642,107.2220557
25643,103.5096018
25650,79.98572425
25651,86.18610995
25652,96.60708644
25653,101.1253968
25660,93.93095818
25661,88.91718319
25662,90.90571658
25663,106.3111442
25670,89.39937094
25671,101.9679977
25672,92.28374196
25673,100.0915981
25680,95.18356194
25681,88.28434602
25682,92.91183831
25683,79.91926547
25690,106.9187369
25691,99.35698538
25692,91.4610629
25693,85.76078501
25700,91.34262851
25701,105.4558482
25702,115.4909565
25703,107.715
25710,107.0070085
25711,90.32679637
25712,100.1505833
25713,83.30621175
25720,101.9738703
25721,90.57192379
25722,119.0303808
25723,96.18333358
25730,85.44087952
25731,103.0394918
25732,92.51739461
25733,96.60715014
25740,105.5739376
25741,92.0042025
25742,94.01643629
25743,97.73459225
25750,103.3457568
25751,89.91120667
25752,117.4731274
25753,93.54324428
25760,101.2634174
25761,117.4648085
25762,90.83302168
25763,93.76676287
25770,102.0802386
25771,82.8121867
25772,91.86475495
25773,107.3622884
25780,97.46433453
25781,112.9810265
25782,90.68728535
25783,109.0437101
25790,98.61573494
25791,103.7869278
25792,83.68256856
25793,113.0235891
25800,100.5935565
25801,90.94687234
25802,102.6126233
25803,100.3542504
25810,124.7052863
25811,86.05888657
25812,85.23137646
25813,105.0024807
25820,99.85169966
25821,88.03354896
25822,114.2882034
25823,85.85149488
25830,105.9117314
25831,97.69223918
25832,107.7381855
25833,95.25781289
25840,112.9188119
25841,94.33013695
25842,94.53794565
25843,92.26095994
25850,105.777348
25851,95.21772022
25852,106.4427095
25853,91.02685335
25860,107.4254071
25861,96.35261925
25862,99.9775044
25863,84.6811959
25870,116.2129832
25871,101.8770245
25872,114.2427128
25873,96.6289739
25880,91.7628471
25881,95.56752239
25882,97.49352745
25883,100.6277464
25890,101.2362274
25891,87.86805015
25892,110.1592379
25893,88.46283516
25900,97.5318796
25901,109.6655542
25902,91.97997401
25903,97.57259973
25910,110.9161906
25911,85.57035599
25912,98.77711579
25913,96.18249018
25920,81.53532186
25921,83.9136466
25922,106.0478451
25923,94.71251189
25930,89.20975329
25931,108.0222795
25932,103.740247
25933,96.45387431
25940,85.60233306
25941,91.43247218
25942,91.90144131
25943,107.7849743
25950,97.95054052
25951,91.83315754
25952,99.01604079
25953,106.5017423
25960,112.8696596
25961,92.71642578
25962,99.57489281
25963,101.1956599
25970,89.24237808
25971,111.4928423
25972,92.28630122
25973,95.843701
25980,99.54765975
25981,103.3399467
25982,90.83136219
25983,107.4683726
25990,103.4550253
25991,98.26629144
25992,105.7094074
25993,89.46833184
26000,92.86919498
26001,100.1353185
26002,90.67249503
26003,100.3457095
26010,92.60312664
26011,90.13384814
26012,84.95479104
26013,82.51117131
26020,94.99263564
26021,92.96657794
26022,92.58873154
26023,104.7817992
26030,109.7864896
26031,110.3090443
26032,101.1982856
26033,101.5826315
26040,116.8465601
26041,98.90919194
26042,95.1289972
26043,93.24065729
26050,103.6816776
26051,96.26395324
26052,94.62807652
26053,97.60945083
26060,96.34949634
26061,89.87119434
26062,93.98512257
26063,102.7959343
26070,80.75135467
26071,106.8261987
26072,92.2003594
26073,87.28949092
26080,105.5454817
26081,93.21210193
26082,98.38510057
26083,92.60698279
26090,104.5750931
26091,95.91471947
26092,90.21361113
26093,93.96430151
26100,92.14958884
26101,89.74746855
26102,92.29362166
26103,89.78101867
26110,98.66988638
26111,98.8554934
26112,89.19616794
26113,92.11629833
26120,101.4742364
26121,106.4283804
26122,98.92940311
26123,103.5646851
26130,96.466557
26131,85.6811496
26132,112.454161
26133,90.23902102
26140,106.5249341
26141,113.5766551
26142,98.25234472
26143,90.75959935
26150,99.96109146
26151,107.2176268
26152,85.20776945
26153,92.09457463
26160,112.8104829
26161,109.339179
26162,108.3761797
26163,115.1045401
26170,106.4236325
26171,97.05358433
26172,90.57251642
26173,84.30849103
26180,106.1706467
26181,103.9324971
26182,91.70996752
26183,113.8684843
26190,97.55829725
26191,100.5871385
26192,94.82488991
26193,105.8129531
26200,93.76442181
26201,102.3160167
26202,86.50109703
26203,91.87434253
26210,94.94256541
26211,116.2935783
26212,82.09622272
26213,101.1560027
26220,103.6079818
26221,106.0422723
26222,88.48521282
26223,82.92380551
26230,102.0796464
26231,104.1014294
26232,90.67924149
26233,107.3342334
26240,102.8950783
26241,85.5358981
26242,89.04007632
26243,97.85344754
26250,97.21008688
26251,104.3882865
26252,91.83786758
26253,102.0931315
26260,105.0926505
26261,112.5126137
26262,93.63960055
26263,91.52470739
26270,106.786249
26271,94.68413012
26272,103.5423317
26273,103.0614483
26280,86.60817628
26281,117.120327
26282,80.14811291
26283,96.18412398
26290,89.44086942
26291,90.0417175
26292,92.15105106
26293,106.7075008
26300,101.2650236
26301,107.3316152
26302,116.2162087
26303,106.7304149
26310,97.85823718
26311,83.75283757
26312,95.92566371
26313,104.4062778
26320,103.9111697
26321,89.9468246
26322,83.81855031
26323,109.5640899
26330,90.57886332
26331,92.31072702
26332,92.02300397
26333,87.5274464
26340,83.27688332
26341,101.112526
26342,94.28718425
26343,94.65441806
26350,79.43133779
26351,87.92482602
26352,110.496568
26353,85.95210701
26360,88.21783311
26361,109.1805402
26362,90.5917258
26363,99.22655185
26370,92.69040681
26371,92.19338867
26372,98.99105896
26373,99.27697401
26380,95.86725145
26381,104.5273556
26382,90.8724571
26383,96.76790137
26390,97.53218068
26391,100.7424184
26392,106.2674461
26393,104.5693022
26400,115.1945509
26401,92.7664676
26402,85.27676549
26403,83.67645473
26410,98.08122742
26411,84.72460051
26412,93.88553395
26413,97.4687585
26420,90.05818331
26421,97.01368313
26422,88.84168113
26423,89.28163531
26430,102.4240331
26431,100.2078149
26432,91.14945945
26433,95.17110567
26440,90.08442935
26441,97.09832071
26442,91.93390018
26443,103.1489438
26450,89.55482535
26451,97.36971768
26452,105.3436552
26453,102.0933437
26460,79.78065561
26461,103.9788453
26462,82.37653041
26463,103.8102694
26470,95.17318218
26471,97.07197365
26472,85.6340034
26473,92.44910509
26480,88.67878082
26481,94.17144619
26482,88.74441891
26483,86.20125941
26490,100.509443
26491,88.36735272
26492,97.81146729
26493,92.73155229
26500,92.86425315
26501,99.08584129
26502,91.82423355
26503,91.341425
26510,97.11419747
26511,108.1462191
26512,85.91296799
26513,94.54271217
26520,88.5846918
26521,114.3506745
26522,93.61923866
26523,91.39393023
26530,100.4282446
26531,108.7519392
26532,114.0054975
26533,105.2608498
26540,103.475276
26541,87.16075624
26542,112.3166596
26543,114.2100651
26550,94.75422089
26551,100.8947082
26552,80.58387591
26553,90.85677153
26560,88.78020233
26561,107.5536341
26562,95.36434304
26563,98.74256338
26570,94.76835707
26571,97.54771809
26572,100.4881106
26573,106.0299289
26580,90.44777913
26581,93.66228647
26582,88.67918159
26583,109.657273
26590,96.55186578
26591,91.21970005
26592,99.07552722
26593,90.76332692
26600,94.79127952
26601,84.0378039
26602,112.3440043
26603,107.4155856
26610,114.813732
26611,86.4704587
26612,93.77759566
26613,111.1404294
26620,110.643752
26621,93.74112191
26622,112.7581852
26623,95.6647461
26630,95.87558263
26631,89.72931337
26632,111.4475981
26633,95.79429316
26640,97.53521369
26641,107.8644788
26642,106.827679
26643,93.54932454
26650,91.81894543
26651,107.7502475
26652,108.6273243
26653,105.2458124
26660,100.9454442
26661,98.72859032
26662,96.61971048
26663,97.90239324
26670,104.1948406
26671,100.3100718
26672,88.78407021
26673,91.82096933
26680,89.51398507
26681,83.60332904
26682,83.37847184
26683,89.84696148
26690,105.1006798
26691,104.0058641
26692,88.61948336
26693,89.52569526
26700,84.86612152
26701,103.6288683
26702,99.69892551
26703,87.85596219
26710,105.9637771
26711,103.0534475
26712,105.1677153
26713,99.87587645
26720,99.92979205
26721,98.54466458
26722,86.64859486
26723,88.08313393
26730,102.0759345
26731,90.21975219
26732,96.2437668
26733,90.20144509
26740,98.52892172
26741,96.87505137
26742,83.85156653
26743,85.79134219
26750,89.46954743
26751,98.75389966
26752,112.5289231
26753,93.15520878
26760,89.82947871
26761,98.48477912
26762,101.7762405
26763,84.37466917
26770,100.9788211
26771,88.72570957
26772,107.5959344
26773,95.97675559
26780,98.76169906
26781,94.41258889
26782,105.3858967
26783,93.95708094
26790,103.6050475
26791,95.95366178
26792,109.2824959
26793,118.0893865
26800,96.32050696
26801,111.5897503
26802,118.2829971
26803,94.02268597
26810,98.79899267
26811,95.39148359
26812,89.39012421
26813,106.4337056
26820,103.5309096
26821,91.95973101
26822,89.20835951
26823,85.7096815
26830,86.48735339
26831,110.7031075
26832,111.462201
26833,103.6894226
26840,112.8187534
26841,102.4872883
26842,92.92203333
26843,109.9681746
26850,94.4330129
26851,106.8310824
26852,112.2036665
26853,98.18653624
26860,103.6297815
26861,83.95573394
26862,106.1972872
26863,92.20439338
26870,106.4638225
26871,92.46182748
26872,84.34639067
26873,107.8448489
26880,106.3947184
26881,92.4912992
26882,113.3929701
26883,87.42715876
26890,110.9072454
26891,104.6124795
26892,90.49327706
26893,91.16464601
26900,100.4844556
26901,84.94461806
26902,104.2005884
26903,85.22028182
26910,103.1674969
26911,83.7303535
26912,104.8922151
26913,106.760093
26920,86.32489815
26921,96.8176499
26922,91.69805024
26923,94.70908089
26930,94.48675755
26931,94.29602126
26932,99.05183312
26933,91.74868015
26940,93.87450915
26941,87.44222214
26942,98.59706227
26943,89.38243893
26950,96.77092927
26951,112.0996054
26952,84.1847148
26953,110.9353846
26960,84.67525535
26961,85.31074923
26962,97.01800124
26963,96.31047469
26970,76.40328477
26971,93.79437473
26972,85.93078433
26973,95.67909256
26980,99.05173537
26981,96.9350585
26982,93.97576779
26983,91.08871433
26990,91.76304032
26991,100.5097254
26992,106.4050009
26993,109.1318338
27000,93.9910461
27001,100.0676367
27002,100.9558315
27003,93.05500365
27010,91.83457215
27011,90.14738635
27012,100.5302845
27013,106.9928171
27020,101.1534296
27021,84.14956214
27022,108.5921335
27023,95.95441389
27030,90.18337804
27031,103.1214407
27032,96.57729407
27033,90.85042373
27040,92.97452369
27041,101.5747297
27042,106.5878913
27043,80.02289392
27050,91.39346882
27051,92.67989696
27052,103.1289403
27053,103.9954401
27060,102.3517339
27061,89.88258269
27062,91.45172912
27063,90.85128063
27070,90.39472607
27071,97.62828131
27072,89.75126129
27073,108.3203182
27080,111.205868
27081,103.1393998
27082,99.64545106
27083,84.05786929
27090,101.2559218
27091,98.22981427
27092,91.44546723
27093,104.1887661
27100,109.5062008
27101,98.37121742
27102,94.22406762
27103,91.99532314
27110,94.76239352
27111,90.14358947
27112,90.4721718
27113,108.0157414
27120,89.25507246
27121,110.1789208
27122,93.77916267
27123,85.01817026
27130,85.07752579
27131,88.01074242
27132,103.6250709
27133,103.0800886
27140,83.89845477
27141,111.7300205
27142,89.84541566
27143,107.4085802
27150,84.40896212
27151,89.60288326
27152,109.5042042
27153,101.4653759
27160,98.13610375
27161,106.158492
27162,100.4777739
27163,106.0638899
27170,91.38096466
27171,98.67548062
27172,97.45342354
27173,84.510775
27180,104.3174936
27181,102.177293
27182,102.3229411
27183,86.75884266
27190,90.44857998
27191,91.16114397
27192,109.3667289
27193,91.86952513
27200,87.68818942
27201,98.64483046
27202,102.1675545
27203,95.35174292
27210,92.95410992
27211,104.201876
27212,107.7986106
27213,87.1556572
27220,90.25198789
27221,105.8373221
27222,83.01269045
27223,87.27624199
27230,104.9381895
27231,90.00253484
27232,97.53166748
27233,99.66812751
27240,85.02364619
27241,97.01456956
27242,99.88646908
27243,95.54195823
27250,99.37142294
27251,81.59892001
27252,81.03232509
27253,98.93448588
27260,100.746584
27261,95.24805131
27262,85.55188738
27263,100.0913125
27270,86.11396665
27271,99.24040766
27272,91.67780331
27273,99.73976815
27280,92.11971283
27281,87.05788337
27282,95.01219077
27283,101.4337342
27290,116.8090971
27291,93.16627192
27292,104.795501
27293,92.29567227
27300,105.3281459
27301,105.4739197
27302,92.47313245
27303,81.17447765
27310,112.3696129
27311,117.9087999
27312,99.66596741
27313,108.4539733
27320,105.5555122
27321,89.48919393
27322,103.0751047
27323,95.46616503
27330,92.97964319
27331,105.0567905
27332,98.10134984
27333,85.15539648
27340,80.11694954
27341,96.9358924
27342,98.90507515
27343,104.421318
27350,115.127977
27351,89.39408097
27352,104.6502424
27353,93.51720415
27360,101.0078313
27361,91.1718132
27362,89.06600427
27363,91.41861698
27370,95.52539599
27371,119.0188029
27372,85.61684304
27373,98.98803022
27380,92.46752285
27381,104.342082
27382,95.3749046
27383,94.82015463
27390,99.36898982
27391,93.54079276
27392,89.12643066
27393,85.68829664
27400,104.0947737
27401,83.55526331
27402,95.79019829
27403,104.9453282
27410,84.71030724
27411,86.31421284
27412,93.07308669
27413,111.3523458
27420,89.8385333
27421,91.35684031
27422,106.3639368
27423,92.1096233
27430,93.45201694
27431,104.8089482
27432,94.22918913
27433,90.19345423
27440,91.9142149
27441,90.83303212
27442,98.9464256
27443,87.22096164
27450,95.56293802
27451,105.6727635
27452,95.15134795
27453,97.77909391
27460,86.52906799
27461,96.72055708
27462,87.04739773
27463,101.4482241
27470,77.7763661
27471,89.5265972
27472,96.29727345
27473,103.6245446
27480,92.57010982
27481,102.4836463
27482,92.17350575
27483,105.4118208
27490,90.23600821
27491,92.39348156
27492,102.3601275
27493,100.3350712
27500,97.66529491
27501,97.85031163
27502,115.0116454
27503,105.041517
27510,84.68450792
27511,85.11834935
27512,88.11571433
27513,111.8834458
27520,100.1576796
27521,112.8750331
27522,97.10245115
27523,103.7966503
27530,90.0702542
27531,117.4199192
27532,88.97394471
27533,95.68310314
27540,80.13684103
27541,78.1033909
27542,95.74727648
27543,109.3492445
27550,89.65164133
27551,83.57234064
27552,87.05667083
27553,96.16577332
27560,98.47292498
27561,99.7926207
27562,91.93664432
27563,83.36700138
27570,83.17069953
27571,95.57076192
27572,94.71472195
27573,88.77043592
27580,119.0301964
27581,111.1731751
27582,90.19741199
27583,88.7474472
27590,88.24961154
27591,89.92951562
27592,88.68712467
27593,87.79754646
27600,97.62192822
27601,105.8093636
27602,92.04818177
27603,94.7146183
27610,85.27949741
27611,102.4244562
27612,84.87002813
27613,80.42847515
27620,102.4970551
27621,108.9730659
27622,94.09854279
27623,105.04741
27630,97.79199347
27631,93.57558769
27632,108.20688
27633,105.2232435
27640,115.6612873
27641,81.09039941
27642,99.77982752
27643,93.68616887
27650,109.4081606
27651,108.0477864
27652,92.07789775
27653,99.69451944
27660,99.20211711
27661,82.52205089
27662,110.5566286
27663,86.67603667
27670,88.10985236
27671,91.50865813
27672,91.07046712
27673,83.81683325
27680,89.53085719
27681,101.4528521
27682,119.3861059
27683,110.5487855
27690,90.74638588
27691,102.8872653
27692,104.450077
27693,92.78982872
27700,104.1002318
27701,93.65030048
27702,94.79756334
27703,92.1860747
27710,90.28296571
27711,77.9047877
27712,82.2780933
27713,100.2991355
27720,98.19459016
27721,103.7424285
27722,88.21375178
27723,97.79008321
27730,87.75650076
27731,84.53719313
27732,95.90319088
27733,101.7502174
27740,95.43604385
27741,109.3349481
27742,104.930444
27743,103.6888006
27750,88.41669664
27751,102.1089685
27752,101.3522591
27753,99.67140056
27760,87.22929543
27761,87.48189522
27762,101.4197902
27763,96.02683576
27770,89.29739803
27771,108.7964921
27772,100.8616196
27773,101.614907
27780,83.8666934
27781,103.7493998
27782,105.9980367
27783,80.25995591
27790,95.98137869
27791,85.73292619
27792,105.7520738
27793,85.37017613
27800,87.876733
27801,101.7958589
27802,89.95317068
27803,93.92520656
27810,107.8793698
27811,90.82071561
27812,93.53727277
27813,92.58909612
27820,97.90820848
27821,117.972971
27822,92.23452722
27823,84.31119282
27830,89.44020176
27831,115.3210874
27832,93.85419689
27833,101.5995615
27840,91.0738837
27841,92.53685458
27842,107.1768181
27843,91.06792167
27850,98.41919292
27851,100.9454773
27852,94.28185958
27853,103.5279828
27860,87.27276714
27861,91.74299192
27862,116.0945344
27863,86.76179299
27870,92.4220456
27871,115.1601949
27872,91.93733043
27873,96.82079972
27880,112.3486551
27881,102.1101519
27882,87.98443632
27883,105.0256723
27890,99.0130612
27891,94.30309436
27892,93.62241144
27893,90.05991458
27900,117.5094082
27901,86.34919149
27902,91.0525935
27903,111.0711649
27910,86.92308564
27911,86.80039494
27912,72.39306091
27913,104.5093791
27920,101.9972824
27921,101.2220347
27922,97.55038348
27923,82.68640546
27930,95.65053594
27931,98.2456441
27932,102.0985225
27933,83.41659685
27940,113.8974975
27941,97.18227498
27942,91.19511095
27943,104.387339
27950,107.413114
27951,93.18042905
27952,95.71094334
27953,108.0912474
27960,113.437936
27961,104.866712
27962,91.44790784
27963,85.51612455
27970,86.33626466
27971,94.88395634
27972,92.29116077
27973,90.88207292
27980,98.94786907
27981,97.43253305
27982,96.21821716
27983,103.3000785
27990,101.0153001
27991,96.36921057
27992,94.59793079
27993,83.53489171
28000,99.82413866
28001,91.23818482
28002,101.4950657
28003,99.64843118
28010,90.30765152
28011,98.72862002
28012,89.07047189
28013,105.8265397
28020,94.86240253
28021,103.5274995
28022,101.5685183
28023,96.91278791
28030,90.66214162
28031,94.75889102
28032,86.12760619
28033,97.81159553
28040,105.7659665
28041,92.03022617
28042,94.37518756
28043,107.9821302
28050,89.26231138
28051,109.9378496
28052,98.48280688
28053,95.55651659
28060,99.72788061
28061,103.4466295
28062,102.4770235
28063,96.68367559
28070,90.34387274
28071,89.05083109
28072,102.234135
28073,87.96142093
28080,111.8244816
28081,106.0037859
28082,93.7474985
28083,99.634092
28090,88.74308345
28091,90.33232113
28092,78.84047159
28093,99.35015218
28100,83.46379663
28101,86.37001354
28102,95.60124016
28103,101.7295614
28110,95.69221382
28111,100.3741151
28112,85.96965013
28113,86.66413724
28120,102.6342509
28121,93.69117499
28122,108.5881468
28123,92.47574314
28130,83.90667719
28131,109.5988118
28132,95.22849237
28133,91.05495054
28140,86.29439642
28141,87.83926894
28142,100.5345624
28143,89.37279043
28150,92.44854619
28151,92.27477654
28152,90.7091414
28153,89.96556306
28160,87.44280965
28161,95.79062198
28162,102.9338923
28163,83.00948132
28170,87.20440669
28171,88.53640882
28172,104.6921787
28173,90.59436997
28180,77.87247193
28181,98.35028541
28182,104.0442235
28183,91.98989307
28190,89.79664124
28191,90.32198225
28192,104.5056432
28193,95.88188564
28200,90.00569505
28201,90.31351722
28202,84.06932891
28203,102.7611846
28210,94.11565604
28211,101.7219753
28212,97.35055913
28213,103.1141057
28220,85.36213217
28221,93.71267426
28222,101.2647723
28223,94.23628743
28230,86.81966697
28231,86.82805844
28232,89.71112742
28233,89.96398161
28240,89.94684698
28241,95.33091744
28242,98.43176973
28243,81.42182172
28250,81.60524467
28251,84.88918321
28252,105.5963517
28253,93.2982667
28260,87.04686984
28261,105.6454638
28262,97.42276974
28263,112.3723883
28270,108.8169187
28271,91.29461593
28272,106.30339
28273,97.68369084
28280,91.94661749
28281,96.97823571
28282,98.32840019
28283,95.9414668
28290,90.95581537
28291,104.0327707
28292,90.32734764
28293,95.65313424
28300,105.5407017
28301,90.49831408
28302,92.77147505
28303,86.10334543
28310,105.839576
28311,89.63078959
28312,89.8776072
28313,88.57033553
28320,92.4446727
28321,103.9661024
28322,101.4322886
28323,98.04764816
28330,98.40825766
28331,84.64921251
28332,110.2913302
28333,97.94507608
28340,107.2857653
28341,98.44310212
28342,101.652425
28343,109.34476
28350,90.38681407
28351,106.8673194
28352,107.9752192
28353,100.7830459
28360,104.8367134
28361,102.3653395
28362,87.97571063
28363,91.52972153
28370,89.49087019
28371,104.053595
28372,81.18517593
28373,87.01176546
28380,103.7911426
28381,90.07499037
28382,96.59129582
28383,104.6245407
28390,101.2155318
28391,97.73434478
28392,91.50190388
28393,104.7370191
28400,90.36896093
28401,106.2449379
28402,92.74032183
28403,95.6200915
28410,88.17058121
28411,98.45932509
28412,90.88064564
28413,112.1994035
28420,100.4288256
28421,83.28084761
28422,107.8998283
28423,102.0325346
28430,95.39742346
28431,94.76382224
28432,113.4792164
28433,90.86750184
28440,107.0640033
28441,101.4255947
28442,95.96122929
28443,103.6540811
28450,87.02347528
28451,107.9485538
28452,94.68338351
28453,93.0302462
28460,88.84926722
28461,87.04743383
28462,91.76900849
28463,114.3947068
28470,90.91758438
28471,100.1940314
28472,87.37837309
28473,108.6037053
28480,89.11665081
28481,99.26680316
28482,94.82316755
28483,97.242992
28490,86.08394155
28491,102.2573851
28492,88.7249551
28493,83.66639651
28500,95.60819133
28501,98.28967423
28502,93.57407024
28503,91.81302128
28510,90.37423232
28511,100.1677979
28512,86.8712081
28513,118.137063
28520,105.0323472
28521,87.82749702
28522,99.15397388
28523,92.84098159
28530,92.32768937
28531,90.29660564
28532,98.54306244
28533,112.4431863
28540,96.15116598
28541,93.34084669
28542,103.0144728
28543,88.08653116
28550,103.9019113
28551,105.1868288
28552,93.99877828
28553,88.29248338
28560,87.81732357
28561,102.8119991
28562,101.685204
28563,86.96225896
28570,88.0198316
28571,101.9947556
28572,84.59533905
28573,101.0084799
28580,117.6659375
28581,88.70639536
28582,107.305995
28583,113.2191206
28590,111.0142536
28591,107.5419433
28592,99.1958955
28593,92.42931433
28600,95.78879185
28601,85.14585413
28602,98.60009984
28603,91.04596971
28610,108.2370842
28611,104.4133229
28612,94.13985538
28613,90.38887254
28620,88.23055515
28621,97.25164808
28622,89.61130064
28623,88.14117837
28630,87.7689791
28631,84.54118098
28632,90.53976972
28633,103.1604402
28640,103.2755604
28641,94.97012471
28642,104.2663467
28643,90.27264388
28650,89.0419019
28651,100.4960538
28652,98.14876049
28653,112.7435878
28660,89.51171427
28661,97.91408578
28662,93.07684342
28663,99.02745176
28670,89.73775372
28671,106.3359398
28672,100.2456876
28673,86.6753563
28680,84.69469796
28681,89.30613978
28682,89.41514112
28683,92.83789705
28690,111.5340233
28691,96.26503509
28692,96.38805252
28693,101.0931197
28700,95.46241587
28701,85.1383047
28702,85.51773326
28703,89.2889839
28710,99.05663252
28711,99.16375662
28712,110.0511571
28713,94.3955354
28720,95.83374295
28721,98.57000389
28722,96.47698173
28723,102.2583298
28730,102.2017648
28731,92.86186826
28732,97.96497664
28733,104.8487584
28740,105.7292725
28741,98.38576273
28742,94.48724241
28743,81.38262797
28750,83.01538303
28751,87.9287994
28752,87.5434767
28753,101.8921619
28760,89.50545659
28761,94.08989099
28762,95.18157335
28763,90.93845189
28770,91.44541296
28771,106.755115
28772,97.8636471
28773,92.70343677
28780,84.78448592
28781,96.55674332
28782,100.2501406
28783,94.2315122
28790,100.0298262
28791,98.73097996
28792,100.4083452
28793,105.0870589
28800,110.8665809
28801,99.77299603
28802,112.0134074
28803,83.42433457
28810,93.19167659
28811,105.8255727
28812,105.0388772
28813,104.8856427
28820,96.36160095
28821,89.20464055
28822,92.66429721
28823,97.84948585
28830,96.44879182
28831,87.02269798
28832,108.5389632
28833,100.8394286
28840,88.89716269
28841,106.191977
28842,111.8045049
28843,91.34919014
28850,112.2034386
28851,90.22194898
28852,102.0450049
28853,91.69405218
28860,92.67575853
28861,95.99467333
28862,91.63943508
28863,107.5881217
28870,82.92864835
28871,88.61626857
28872,96.00800766
28873,102.8377516
28880,103.8019221
28881,91.54401339
28882,107.5998628
28883,95.37571301
28890,87.31374356
28891,75.64886723
28892,114.270394
28893,95.99470204
28900,92.67707573
28901,113.9804645
28902,89.54810365
28903,94.35170213
28910,89.72699664
28911,94.27390148
28912,105.4255647
28913,92.75794608
28920,90.22361688
28921,85.88065408
28922,95.02949485
28923,94.44881287
28930,90.42561566
28931,93.43445189
28932,103.3274937
28933,117.2830019
28940,97.2614174
28941,88.17134519
28942,100.7172414
28943,115.8475409
28950,95.97650798
28951,88.26234179
28952,85.48089378
28953,104.0182859
28960,102.8045903
28961,101.5096308
28962,104.0256788
28963,105.2344226
28970,105.1426843
28971,107.0823899
28972,98.94049129
28973,94.39934165
28980,111.9396779
28981,87.63200938
28982,94.58552333
28983,98.86697109
28990,90.77963357
28991,86.34518817
28992,83.67463396
28993,108.6713747
29000,89.57139404
29001,89.3003158
29002,111.4512168
29003,103.6789599
29010,99.71039749
29011,108.3947843
29012,87.92879269
29013,100.5633589
29020,95.86215112
29021,78.74306121
29022,102.6223114
29023,93.15904627
29030,87.2277393
29031,84.26335264
29032,88.48443962
29033,104.8503924
29040,108.9438905
29041,93.31159365
29042,82.99787248
29043,90.20852875
29050,97.57920411
29051,90.97492739
29052,84.11677194
29053,111.9353198
29060,97.95617602
29061,88.20769016
29062,117.5305174
29063,93.72466942
29070,88.01762106
29071,98.30277199
29072,91.49837531
29073,105.5244415
29080,96.57960133
29081,91.76074338
29082,90.23739512
29083,104.8196244
29090,84.22184594
29091,91.73644242
29092,99.88168839
29093,87.36017731
29100,95.38940498
29101,100.6001308
29102,107.7112459
29103,94.84229472
29110,99.84972584
29111,104.5307436
29112,102.8046841
29113,86.50934511
29120,99.91768997
29121,109.8395858
29122,92.58773449
29123,87.85295131
29130,110.1158769
29131,89.64345052
29132,93.87335287
29133,101.7063237
29140,96.73139043
29141,108.4315767
29142,99.32445856
29143,105.6757503
29150,86.72166095
29151,103.7508332
29152,101.0295796
29153,93.4425189
29160,101.1426211
29161,91.92651343
29162,95.24332995
29163,101.7731341
29170,96.63563651
29171,116.8577051
29172,94.7084965
29173,104.1993915
29180,98.88356501
29181,108.8377797
29182,92.20707149
29183,105.0098536
29190,91.21088531
29191,104.4443303
29192,86.72139576
29193,101.054944
29200,103.0613587
29201,108.7905524
29202,104.7635875
29203,86.98143236
29210,94.64386508
29211,91.40193115
29212,94.74058546
29213,104.1435024
29220,93.03123547
29221,88.82981928
29222,90.876246
29223,102.798819
29230,87.07726522
29231,84.53190964
29232,96.59645291
29233,115.7017392
29240,81.25364729
29241,92.39762412
29242,95.07353576
29243,102.1270487
29250,104.5420847
29251,105.9208465
29252,78.1019252
29253,99.18148471
29260,88.56152363
29261,104.6082379
29262,115.874664
29263,89.61022774
29270,88.29220355
29271,95.75675777
29272,109.2599223
29273,92.15312935
29280,82.36718658
29281,98.04217416
29282,93.7891869
29283,84.64234479
29290,112.0205276
29291,98.40027442
29292,83.74453241
29293,100.1311328
29300,99.84708735
29301,91.02602475
29302,110.7436302
29303,88.93393575
29310,88.42066879
29311,90.11417364
29312,94.32482579
29313,89.31940823
29320,102.4798104
29321,104.4755849
29322,87.78526778
29323,96.34895151
29330,94.89760634
29331,118.5131495
29332,86.95945393
29333,81.37546374
29340,84.67548105
29341,92.05412763
29342,115.9518593
29343,86.76586983
29350,92.51497967
29351,91.83282283
29352,88.31221448
29353,91.72704911
29360,92.81072769
29361,96.39424504
29362,88.89875782
29363,107.2725044
29370,84.66156799
29371,88.94542735
29372,89.84252721
29373,107.915359
29380,102.2596302
29381,110.2922527
29382,88.97651607
29383,105.8382819
29390,105.104713
29391,103.822129
29392,98.86020809
29393,104.1794732
29400,98.27754198
29401,69.91250203
29402,91.44533182
29403,88.16786515
29410,102.6786785
29411,84.76413089
29412,81.85778422
29413,93.13676422
29420,85.34415141
29421,93.28538683
29422,94.29291083
29423,110.6975145
29430,86.43290852
29431,86.18740047
29432,96.0907183
29433,93.61671349
29440,91.05996163
29441,86.58280492
29442,111.7301657
29443,101.4707749
29450,99.41944345
29451,118.2902923
29452,84.95749193
29453,98.87420206
29460,101.553425
29461,104.5159399
29462,98.08890899
29463,79.54807176
29470,90.50078647
29471,99.50632654
29472,104.166503
29473,101.3576427
29480,98.80710239
29481,90.7300397
29482,90.50692819
29483,107.2452906
29490,96.99620401
29491,102.7281941
29492,104.5004578
29493,96.21951677
29500,85.41562721
29501,100.878116
29502,93.63348088
29503,108.5879252
29510,118.9139004
29511,105.2263323
29512,88.03139248
29513,96.30286821
29520,106.614455
29521,87.52060889
29522,106.7371722
29523,94.31965397
29530,98.61796707
29531,95.3127364
29532,104.6099528
29533,88.51015043
29540,114.3904775
29541,93.2539442
29542,90.54500168
29543,106.5923726
29550,109.5984514
29551,102.0605208
29552,95.35003141
29553,102.4211707
29560,80.12614246
29561,95.12020377
29562,101.6848591
29563,110.4249236
29570,97.4788099
29571,115.5940359
29572,84.77886472
29573,95.53582832
29580,99.5346331
29581,98.55649632
29582,101.165901
29583,98.22337812
29590,88.89791586
29591,100.7813241
29592,104.9259196
29593,91.6615855
29600,99.51560972
29601,84.36230173
29602,92.33800355
29603,112.6742306
29610,95.01665277
29611,88.01079162
29612,104.3347131
29613,106.0303442
29620,86.80650249
29621,90.03305753
29622,87.92244515
29623,90.57636132
29630,94.0543201
29631,99.77988567
29632,90.95848487
29633,88.45779231
29640,97.05095775
29641,99.29924153
29642,84.7809806
29643,89.22726826
29650,99.25852304
29651,103.0157687
29652,87.58431736
29653,91.81614924
29660,93.89920657
29661,84.88259806
29662,87.85267135
29663,89.08095212
29670,89.56393629
29671,87.1462416
29672,88.56477193
29673,96.47715269
29680,88.19854046
29681,101.3626619
29682,102.9356793
29683,107.7765459
29690,86.82759607
29691,95.66086087
29692,95.11608321
29693,98.40721402
29700,90.47663056
29701,115.7427246
29702,100.574792
29703,93.46097755
29710,94.01731588
29711,101.2917561
29712,95.43921947
29713,87.75083354
29720,91.92029993
29721,95.22463779
29722,94.96835779
29723,95.31427915
29730,107.456516
29731,114.3044212
29732,80.61939366
29733,86.45103383
29740,100.016847
29741,100.3974152
29742,90.97751842
29743,94.48960514
29750,91.39604194
29751,89.81771999
29752,93.95960214
29753,97.38157474
29760,90.77770721
29761,101.0036315
29762,103.0421257
29763,100.5217447
29770,84.5168832
29771,95.95704838
29772,87.55989087
29773,88.42502665
29780,92.36402857
29781,81.69235774
29782,104.9852595
29783,93.73115887
29790,105.4556321
29791,103.2135389
29792,102.3638255
29793,90.53781104
29800,88.12826686
29801,105.1615856
29802,92.6615424
29803,110.6168095
29810,97.75851548
29811,81.88251816
29812,98.34542759
29813,92.86785663
29820,86.89648576
29821,89.64901823
29822,83.18508257
29823,88.33043128
29830,89.72203738
29831,84.60849067
29832,90.31258645
29833,108.931127
29840,101.4996281
29841,85.91563978
29842,107.9997722
29843,91.24784556
29850,99.09634703
29851,90.23679644
29852,87.38400464
29853,103.0909392
29860,115.5409761
29861,85.57085654
29862,102.1047804
29863,95.26287529
29870,111.8246303
29871,89.41180464
29872,90.31950443
29873,113.4835624
29880,86.4081801
29881,103.0854815
29882,84.46149375
29883,101.5874703
29890,87.9766392
29891,114.8050656
29892,92.43002657
29893,94.55246218
29900,96.26909702
29901,114.2605976
29902,109.5225695
29903,112.8701068
29910,96.00529159
29911,94.57378929
29912,81.78735436
29913,115.2935451
29920,93.82645175
29921,104.2184712
29922,88.54410513
29923,101.9512833
29930,105.8509636
29931,109.710742
29932,99.21936447
29933,100.1991237
29940,104.9927687
29941,99.15507828
29942,95.6816713
29943,105.7733604
29950,100.0259405
29951,88.12678141
29952,89.03077062
29953,91.67979036
29960,111.4497341
29961,98.71982313
29962,90.8356182
29963,103.4668759
29970,93.72465742
29971,105.6476824
29972,89.00713631
29973,98.21937993
29980,100.0834244
29981,101.4846395
29982,99.38073225
29983,103.8029795
29990,91.41690657
29991,92.27254611
29992,100.6222217
29993,100.4556358
30000,97.02388242
30001,106.3532633
30002,93.71092521
30003,110.2766882
30010,87.82986843
30011,98.81697627
30012,97.019769
30013,94.01834402
30020,89.8800424
30021,109.1832887
30022,89.99165913
30023,87.70020222
30030,87.29815459
30031,91.5579724
30032,104.1520603
30033,88.69990259
